token,attention
airport,0.040820304
fly,0.04143845
was,0.042184427
runway,0.04340207
were,0.045386907
upset,0.046147436
other,0.046314195
because,0.049037796
every,0.049722265
carrier,0.051662635
no,0.05370603
confirmed,0.055795982
