{
  "negative": {
    "precision": 0.9145228215767635,
    "recall": 0.8108903605592347,
    "f1-score": 0.859594383775351,
    "support": 1359.0
  },
  "neutral": {
    "precision": 0.5992438563327032,
    "recall": 0.7188208616780045,
    "f1-score": 0.6536082474226804,
    "support": 441.0
  },
  "positive": {
    "precision": 0.6354430379746835,
    "recall": 0.7629179331306991,
    "f1-score": 0.6933701657458563,
    "support": 329.0
  },
  "accuracy": 0.7844058243306716,
  "macro avg": {
    "precision": 0.71640323862805,
    "recall": 0.7642097184559794,
    "f1-score": 0.7355242656479626,
    "support": 2129.0
  },
  "weighted avg": {
    "precision": 0.8060891567210965,
    "recall": 0.7844058243306716,
    "f1-score": 0.7912394500678679,
    "support": 2129.0
  }
}