{
  "negative": {
    "precision": 0.9064976228209192,
    "recall": 0.8417954378219279,
    "f1-score": 0.8729492560091568,
    "support": 1359.0
  },
  "neutral": {
    "precision": 0.5472,
    "recall": 0.7755102040816326,
    "f1-score": 0.6416510318949343,
    "support": 441.0
  },
  "positive": {
    "precision": 0.8429752066115702,
    "recall": 0.6200607902735562,
    "f1-score": 0.7145359019264448,
    "support": 329.0
  },
  "accuracy": 0.7937999060591827,
  "macro avg": {
    "precision": 0.7655576098108298,
    "recall": 0.7457888107257057,
    "f1-score": 0.7430453966101785,
    "support": 2129.0
  },
  "weighted avg": {
    "precision": 0.8222566051615011,
    "recall": 0.7937999060591827,
    "f1-score": 0.8005582225062992,
    "support": 2129.0
  }
}