{
  "negative": {
    "precision": 0.898695318495779,
    "recall": 0.8616629874908021,
    "f1-score": 0.8797896318557475,
    "support": 1359.0
  },
  "neutral": {
    "precision": 0.62426614481409,
    "recall": 0.7233560090702947,
    "f1-score": 0.6701680672268907,
    "support": 441.0
  },
  "positive": {
    "precision": 0.7301587301587301,
    "recall": 0.6990881458966566,
    "f1-score": 0.7142857142857143,
    "support": 329.0
  },
  "accuracy": 0.8078910286519493,
  "macro avg": {
    "precision": 0.7510400644895331,
    "recall": 0.7613690474859177,
    "f1-score": 0.7547478044561174,
    "support": 2129.0
  },
  "weighted avg": {
    "precision": 0.8158057914142788,
    "recall": 0.8078910286519493,
    "f1-score": 0.8107929672799529,
    "support": 2129.0
  }
}