{
  "negative": {
    "precision": 0.9068627450980392,
    "recall": 0.8061002178649237,
    "f1-score": 0.8535178777393311,
    "support": 1377.0
  },
  "neutral": {
    "precision": 0.5346097201767305,
    "recall": 0.7806451612903226,
    "f1-score": 0.6346153846153846,
    "support": 465.0
  },
  "positive": {
    "precision": 0.7713310580204779,
    "recall": 0.6384180790960452,
    "f1-score": 0.6986089644513137,
    "support": 354.0
  },
  "accuracy": 0.77367941712204,
  "macro avg": {
    "precision": 0.7376011744317492,
    "recall": 0.7417211527504305,
    "f1-score": 0.7289140756020097,
    "support": 2196.0
  },
  "weighted avg": {
    "precision": 0.8061906714123082,
    "recall": 0.77367941712204,
    "f1-score": 0.7821939184467112,
    "support": 2196.0
  }
}