{
  "negative": {
    "precision": 0.9191489361702128,
    "recall": 0.7843137254901961,
    "f1-score": 0.8463949843260188,
    "support": 1377.0
  },
  "neutral": {
    "precision": 0.5506329113924051,
    "recall": 0.7483870967741936,
    "f1-score": 0.6344576116681859,
    "support": 465.0
  },
  "positive": {
    "precision": 0.6683804627249358,
    "recall": 0.7344632768361582,
    "f1-score": 0.6998654104979811,
    "support": 354.0
  },
  "accuracy": 0.7686703096539163,
  "macro avg": {
    "precision": 0.7127207700958512,
    "recall": 0.7557213663668493,
    "f1-score": 0.726906002164062,
    "support": 2196.0
  },
  "weighted avg": {
    "precision": 0.8006917453135147,
    "recall": 0.7686703096539163,
    "f1-score": 0.7778966476133513,
    "support": 2196.0
  }
}