{
  "negative": {
    "precision": 0.9001597444089456,
    "recall": 0.8184458968772694,
    "f1-score": 0.8573602130087485,
    "support": 1377.0
  },
  "neutral": {
    "precision": 0.5704225352112676,
    "recall": 0.6967741935483871,
    "f1-score": 0.6272991287512101,
    "support": 465.0
  },
  "positive": {
    "precision": 0.6808510638297872,
    "recall": 0.7231638418079096,
    "f1-score": 0.7013698630136986,
    "support": 354.0
  },
  "accuracy": 0.7773224043715847,
  "macro avg": {
    "precision": 0.7171444478166668,
    "recall": 0.7461279774111887,
    "f1-score": 0.728676401591219,
    "support": 2196.0
  },
  "weighted avg": {
    "precision": 0.7949853021494091,
    "recall": 0.7773224043715847,
    "f1-score": 0.7834991073265978,
    "support": 2196.0
  }
}