accuracy,loss,val_accuracy,val_loss
0.8452551364898682,0.41441047191619873,0.896148145198822,0.2770315706729889
0.9024423956871033,0.24713774025440216,0.8985185027122498,0.2553272247314453
0.909024715423584,0.22105549275875092,0.8983333110809326,0.2526155114173889
