accuracy,loss,val_accuracy,val_loss
0.5387392640113831,1.0294198989868164,0.6589252948760986,0.8697314262390137
0.6349531412124634,0.9030658006668091,0.7377049326896667,0.6684713959693909
0.6996487379074097,0.7610387206077576,0.7609289884567261,0.5916681885719299
0.7464871406555176,0.6453440189361572,0.7404371500015259,0.6404321789741516
0.7858118414878845,0.5568305850028992,0.7755008935928345,0.5554947257041931
0.8048399686813354,0.49491873383522034,0.755464494228363,0.615315318107605
0.8383099436759949,0.4360297620296478,0.744080126285553,0.6453731060028076
