accuracy,loss,val_accuracy,val_loss
0.7032115459442139,0.8949958086013794,0.7739661931991577,0.5606456398963928
0.8272425532341003,0.4651266634464264,0.7711465954780579,0.5538825988769531
0.8945937752723694,0.29173436760902405,0.7885338068008423,0.5790614485740662
0.938286542892456,0.1839638203382492,0.7871240377426147,0.6522691249847412
