accuracy,loss,val_accuracy,val_loss
0.5489851832389832,1.0320031642913818,0.6530054807662964,0.883220374584198
0.6363192796707153,0.8913271427154541,0.7181238532066345,0.7014721632003784
0.7060890197753906,0.7222525477409363,0.7422586679458618,0.6216017007827759
0.7583918571472168,0.6158085465431213,0.7709471583366394,0.5767938494682312
0.7927400469779968,0.5430272221565247,0.7572859525680542,0.601787269115448
0.8134270310401917,0.48156705498695374,0.7695810794830322,0.5674981474876404
0.8421155214309692,0.4180118143558502,0.7622950673103333,0.5998152494430542
0.8588992953300476,0.37348705530166626,0.7604736089706421,0.6155509352684021
