accuracy,loss,val_accuracy,val_loss
0.48009368777275085,1.0527362823486328,0.6470856070518494,0.8850656151771545
0.6006050109863281,0.9100173115730286,0.6789617538452148,0.7922480702400208
0.6824746131896973,0.7850478291511536,0.7217668294906616,0.6985645294189453
0.7436572909355164,0.6542393565177917,0.7276867032051086,0.6557782292366028
0.8014246821403503,0.5325655937194824,0.7723132967948914,0.562344491481781
0.8437743782997131,0.43363156914711,0.744080126285553,0.6217029094696045
0.8789032101631165,0.3296491801738739,0.7768670320510864,0.5839813947677612
