airline,negative,neutral,positive
US Airways,0.7891061452513967,0.1267458100558659,0.08414804469273743
American,0.7279498235985888,0.16307330458643668,0.10897687181497452
United,0.6955026455026455,0.1814814814814815,0.12301587301587301
Southwest,0.49873524451939294,0.26981450252951095,0.2314502529510961
Delta,0.44663845792195583,0.3131170662905501,0.2402444757874941
Virgin America,0.3649193548387097,0.33669354838709675,0.29838709677419356
