{
  "classes": [
    "negative",
    "neutral",
    "positive"
  ],
  "random_state": 42,
  "text_cleaning": "lowercase, URL/user placeholders, hashtag text kept, numbers normalized, punctuation removed",
  "primary_metric": "macro_f1",
  "selected_model_path": "artifacts/selected_tfidf_model.joblib",
  "results": [
    {
      "model": "TF-IDF + Logistic Regression",
      "accuracy": 0.7978142076502732,
      "macro_f1": 0.748057116997961,
      "weighted_f1": 0.8009756590662956,
      "negative_precision": 0.8939740655987796,
      "negative_recall": 0.8511256354393609,
      "negative_f1": 0.8720238095238095,
      "negative_support": 1377,
      "neutral_precision": 0.6168582375478927,
      "neutral_recall": 0.6924731182795699,
      "neutral_f1": 0.6524822695035462,
      "neutral_support": 465,
      "positive_precision": 0.7107438016528925,
      "positive_recall": 0.7288135593220338,
      "positive_f1": 0.7196652719665272,
      "positive_support": 354
    },
    {
      "model": "TF-IDF + ANN",
      "accuracy": 0.7928051001821493,
      "macro_f1": 0.7416268636571396,
      "weighted_f1": 0.7979541357236107,
      "negative_precision": 0.908235294117647,
      "negative_recall": 0.840958605664488,
      "negative_f1": 0.8733031674208145,
      "negative_support": 1377,
      "neutral_precision": 0.5913200723327305,
      "neutral_recall": 0.7032258064516129,
      "neutral_f1": 0.6424361493123772,
      "neutral_support": 465,
      "positive_precision": 0.6956521739130435,
      "positive_recall": 0.7231638418079096,
      "positive_f1": 0.7091412742382271,
      "positive_support": 354
    },
    {
      "model": "Word2Vec + BiLSTM",
      "accuracy": 0.77367941712204,
      "macro_f1": 0.7289140756020097,
      "weighted_f1": 0.7821939184467112,
      "negative_precision": 0.9068627450980392,
      "negative_recall": 0.8061002178649237,
      "negative_f1": 0.8535178777393311,
      "negative_support": 1377,
      "neutral_precision": 0.5346097201767305,
      "neutral_recall": 0.7806451612903226,
      "neutral_f1": 0.6346153846153846,
      "neutral_support": 465,
      "positive_precision": 0.7713310580204779,
      "positive_recall": 0.6384180790960452,
      "positive_f1": 0.6986089644513137,
      "positive_support": 354
    },
    {
      "model": "Word2Vec + CNN",
      "accuracy": 0.7773224043715847,
      "macro_f1": 0.728676401591219,
      "weighted_f1": 0.7834991073265978,
      "negative_precision": 0.9001597444089456,
      "negative_recall": 0.8184458968772694,
      "negative_f1": 0.8573602130087485,
      "negative_support": 1377,
      "neutral_precision": 0.5704225352112676,
      "neutral_recall": 0.6967741935483871,
      "neutral_f1": 0.6272991287512101,
      "neutral_support": 465,
      "positive_precision": 0.6808510638297872,
      "positive_recall": 0.7231638418079096,
      "positive_f1": 0.7013698630136986,
      "positive_support": 354
    },
    {
      "model": "Word2Vec + BiLSTM Attention",
      "accuracy": 0.7686703096539163,
      "macro_f1": 0.726906002164062,
      "weighted_f1": 0.7778966476133513,
      "negative_precision": 0.9191489361702128,
      "negative_recall": 0.7843137254901961,
      "negative_f1": 0.8463949843260188,
      "negative_support": 1377,
      "neutral_precision": 0.5506329113924051,
      "neutral_recall": 0.7483870967741936,
      "neutral_f1": 0.6344576116681859,
      "neutral_support": 465,
      "positive_precision": 0.6683804627249358,
      "positive_recall": 0.7344632768361582,
      "positive_f1": 0.6998654104979811,
      "positive_support": 354
    }
  ]
}